City,Year,Jan,Feb,Mar,Apr,May,Jun,Jul,Aug,Sep,Oct,Nov,Dec
BANKURA,1901,37.453,52.894,4.141,31.954,74.431,101.047,256.43,330.305,338.097,33.991,30.562,0
BANKURA,1902,4.672,0.362,24.794,90.076,95.682,133.025,311.975,294.003,253.342,34.695,1.036,7.562
BANKURA,1903,6.505,29.02,15.483,28.815,48.985,172.009,146.106,246.179,251.598,143.973,0.565,0.032
BANKURA,1904,0.036,17.881,69.819,4.558,244.712,359.137,397.947,375.343,110.341,41.381,2.777,0.466
BANKURA,1905,18.351,59.472,85.173,79.793,118.645,53.966,462.617,245.951,321.853,56.593,0,0.694
BANKURA,1906,32.466,130.605,55.941,0.506,47.904,209.839,352.259,228.892,197.798,105.294,4.179,0.744
BANKURA,1907,0.036,42.762,86.636,81.643,69.105,265.425,180.109,272.953,122.838,14.19,0,6.844
BANKURA,1908,18.26,42.315,6.372,3.364,53.279,403.367,437.383,386.254,141.374,75.753,0.37,0.03
BANKURA,1909,11.209,16.998,0.301,137.889,48.606,333.487,277.663,352.18,191.692,41.694,1.888,8.193
BANKURA,1910,11.861,43.496,29.094,29.041,57.845,205.991,235.823,343.648,254.4,98.022,11.657,0
BANKURA,1911,0.127,1.172,54.114,25.908,44.981,516.526,101.642,262.344,215.94,91.106,26.953,0
BANKURA,1912,0.048,17.746,64.568,49.065,76.607,204.857,271.321,314.768,89.149,52.903,39.908,0
BANKURA,1913,0.257,62.391,49.33,19.26,130.457,476.422,294.638,365.693,136.604,114.067,7.536,6.528
BANKURA,1914,0.036,56.565,26.018,87.389,131.654,171.795,306.89,329.725,146.093,7.492,0,13.701
BANKURA,1915,4.656,27.433,76.473,24.449,74.202,236.533,231.274,370.431,248.83,66.87,39.285,0
BANKURA,1916,0.036,7.325,0.742,28.185,41.395,446.619,227.106,439.895,298.305,247.983,12.654,0
BANKURA,1917,1.331,75.803,26.875,32.541,145.349,232.33,268.832,445.938,168.221,246.321,4.017,0.211
BANKURA,1918,1.962,0.299,18.903,65.561,99.812,298.539,148.067,379.922,207.475,4.654,0.37,4.911
BANKURA,1919,30.201,36.208,24.455,68.514,93.075,254.879,285.868,579.514,111.229,74.982,20.16,0
BANKURA,1920,0.036,38.858,128.264,1.486,46.691,123.369,451.377,454.008,189.632,64.06,0.162,0
BANKURA,1921,50.352,5.359,11.967,41.025,31.684,242.678,256.915,483.03,129.644,8.804,0,0
BANKURA,1922,9.298,6.964,0.303,24.269,26.733,418.72,342.582,438.484,424.999,61,5.564,0.904
BANKURA,1923,0.7,100.798,17.157,13.069,12.06,136.551,368.039,497.1,166.578,71.549,10.919,2.397
BANKURA,1924,13.178,17.148,0.731,28.8,22.078,208.911,290.225,343.115,233.373,82.628,37.007,0
BANKURA,1925,43.011,14.988,12.118,54.382,72.731,352.483,367.359,339.159,159.04,105.422,10.115,0.941
BANKURA,1926,26.745,5.797,120.383,29.786,110.865,92.692,476.255,479.102,175.284,70.302,2.765,10.413
BANKURA,1927,16.733,107.758,50.442,26.57,64.398,236.543,256.862,298.402,146.445,52.395,12.717,0
BANKURA,1928,39.686,1.594,2.722,65.14,104.863,417.206,456.925,336.1,183.258,117.361,0.112,0.786
BANKURA,1929,30.036,15.109,42.338,34.121,33.253,156.107,282.493,317.576,173.153,264.577,0,8.452
BANKURA,1930,0.176,20.019,8.563,19.765,56.764,186.804,398.526,327.592,185.895,25.262,40.201,3.298
BANKURA,1931,13.762,95.325,37.147,14.06,83.493,146.417,351.866,308.522,269.137,106.119,14.133,1.313
BANKURA,1932,0.036,55.293,10.832,22.598,151.905,76.15,338.25,292.544,207.277,58.648,40.045,0.926
BANKURA,1933,46.75,28.422,2.976,80.249,108.129,305.377,314.916,410.736,201.032,150.217,0.085,0
BANKURA,1934,6.637,36.925,3.262,38.607,28.491,209.566,228.872,427.612,258.481,84.068,21.054,3.338
BANKURA,1935,14.895,20.641,17.558,51.232,6.214,156.968,220.569,441.858,189.129,12.321,0,2.089
BANKURA,1936,7.918,27.369,22.014,6.297,164.537,323.424,279.318,237.203,391.19,137.79,1.286,16.711
BANKURA,1937,0.036,75.779,10.228,41.659,74.554,255.595,291.684,375.199,266.321,158.746,1.419,0.884
BANKURA,1938,5.333,32.553,8.668,3.34,201.322,266.912,167.29,291.727,113.503,66.952,1.116,0
BANKURA,1939,10.427,21.946,12.718,27.121,30.814,201.39,382.458,468.441,252.899,131.328,3.44,0.429
BANKURA,1940,0.036,31.698,159.677,12.893,83.97,187.342,246.726,383.651,254.096,47.308,0.032,1.905
BANKURA,1941,38.782,0.388,11.068,13.83,53.34,332.283,309.198,559.277,194.93,157.691,35.202,0
BANKURA,1942,0.747,73.047,21.416,33.687,9.658,106.712,357.59,414.329,395.442,87.937,3.747,0.03
BANKURA,1943,46.616,20.569,12.575,120.605,48.023,185.767,426.251,491.03,183.187,60.102,0.222,0
BANKURA,1944,24.077,48.47,88.847,31.205,43.424,192.631,311.951,555.141,132.123,93.149,0.032,0
BANKURA,1945,28.158,30.942,8.568,66.416,72.098,168.062,198.786,187.915,265.805,193.128,0,1.496
BANKURA,1946,0.036,4.195,20.551,44.219,95.463,228.026,254.943,366.912,382.239,156.887,30.58,0.443
BANKURA,1947,10.1,30.943,39.122,7.172,65.42,228.187,335.036,347.813,331.078,74.65,0,11.769
BANKURA,1948,11.528,46.376,76.509,27.383,63.305,198.019,279.184,357.862,201.814,109.583,51.312,0.443
BANKURA,1949,0.928,16.639,30.941,85.736,158.906,272.417,302.933,353.056,237.443,110.328,0,0
BANKURA,1950,0.046,9.72,53.811,30.563,43.297,366.474,285.553,306.445,165.52,81.429,43.739,2.734
BANKURA,1951,4.627,0.309,97.464,51.591,36.554,203.293,278.348,344.784,274.3,79.63,21.294,0
BANKURA,1952,0.241,8.731,50.477,85.784,41.603,242.36,277.052,285.338,204.445,99.488,3.545,0.895
BANKURA,1953,45.087,18.413,7.83,7.318,26.266,205.455,208.382,359.591,304.24,35.835,6.968,0
BANKURA,1954,15.263,19.241,1.358,5.038,90.148,277.146,125.37,264.04,292.458,59.297,0,8.558
BANKURA,1955,27.585,9.372,9.752,13.257,20.345,184.721,218.892,240.765,244.495,218.096,32.577,0
BANKURA,1956,9.517,65.076,33.345,16.753,107.415,386.901,277.531,346.292,331.713,122.245,5.573,2.481
BANKURA,1957,51.889,23.856,17.531,22.422,6.928,113.957,366.083,254.459,225.154,62.952,0,0
BANKURA,1958,14.644,62.178,21.307,41.891,24.187,120.556,371.019,256.469,250.564,129.345,10.936,0
BANKURA,1959,11.079,7.752,7.802,43.327,65.389,198.286,218.985,276.11,272.692,250.035,0,1.002
BANKURA,1960,0.622,0.299,53.868,9.772,46.202,139.8,441.322,400.127,206.354,74.543,1.847,0.185
BANKURA,1961,25.875,125.021,2.9,2.843,66.795,211.452,142.892,432.777,327.134,106.359,0.167,2.865
BANKURA,1962,13.093,16.015,4.631,22.048,37.395,175.739,245.501,231.691,183.45,99.414,0,1.152
BANKURA,1963,0.694,3.511,36.842,56.386,127.997,244.376,257.205,285.34,244.158,185.857,9.048,0
BANKURA,1964,0.241,11.816,24.404,75.261,82.61,144.566,444.445,377.171,196.597,73.372,22.347,0
BANKURA,1965,2.482,28.928,24.582,65.847,29.92,130.722,318.603,342.784,244.963,69.984,0.375,1.749
BANKURA,1966,55.024,8.833,3.471,5.007,9.809,208.298,98.345,253.153,189.553,38.555,19.17,12.066
BANKURA,1967,22.073,1.146,67.487,38.186,39.309,182.823,221.505,422.888,207.137,48.291,0,1.854
BANKURA,1968,15.605,26.206,18.919,11.843,8.967,396.883,360.001,505.717,145.883,78.928,17.14,1.252
BANKURA,1969,5.464,5.784,27.746,82.654,76.445,132.882,314.101,412.776,218.701,49.944,16.546,0.032
BANKURA,1970,15.848,28.155,59.521,14.297,45.994,287.043,254.78,288.124,266.838,129.325,10.333,0
BANKURA,1971,36.328,68.651,3.104,147.077,145.627,396.007,467.763,539.923,272.532,145.466,7.754,0
BANKURA,1972,5.649,48.754,1.464,39.92,7.943,72.718,251.014,499.631,211.194,135.12,11.319,0.478
BANKURA,1973,3.523,9.011,42.331,15.134,132.237,303.021,183.19,358.068,409.46,179.205,18.795,26.326
BANKURA,1974,1.395,0.34,97.009,8.718,74.2,101.289,367.041,316.7,319.443,183.815,2.884,0.047
BANKURA,1975,7.63,14.986,22.398,7.358,54.244,187.86,353.391,263.116,221.53,137.209,14.659,0
BANKURA,1976,0.079,25.327,9.635,62.427,88.585,76.756,381.739,317.437,312.143,9.463,2.767,0
BANKURA,1977,3.708,37.107,0.354,74.883,201.867,341.518,459.191,337.117,191.018,65.432,29.527,23.877
BANKURA,1978,0.947,66.677,67.747,87.678,86.456,235.045,329.953,345.419,497.924,103.654,16.085,10.708
BANKURA,1979,30.558,43.806,8.318,52.603,21.551,100.75,330.162,240.022,191.546,40.715,11.183,24.722
BANKURA,1980,36.008,38.038,79.547,2.938,82.452,308.401,306.297,351.427,104.468,77.418,0.448,1.202
BANKURA,1981,18.104,41.774,77.231,86.23,133.978,102.286,378.591,231.798,241.011,1.411,4.224,6.702
BANKURA,1982,8.85,23.973,68.481,92.459,48.671,118.02,177.703,459.925,176.229,7.741,12.181,1.019
BANKURA,1983,3.509,47.133,56.25,44.836,126.65,191.434,264.649,307.087,126.517,136.305,0.482,2.29
BANKURA,1984,34.773,15.925,1.17,60.721,47.471,603.996,307.862,408.552,146.02,68.563,0.032,0
BANKURA,1985,15.265,6.667,0.472,29.414,37.69,168.411,419.87,292.782,163.196,120.953,0.054,1.149
BANKURA,1986,17.301,22.021,1.946,38.802,80.662,186.46,380.814,234.458,515.434,59.423,43.279,3.344
BANKURA,1987,1.956,3.916,14.139,57.625,61.617,92.283,346.986,503.335,116.604,73.618,25.221,3.295
BANKURA,1988,4.076,31.197,35.102,24.604,77.123,176.457,277.245,354.707,182.164,82.492,27.102,0.445
BANKURA,1989,3.552,3.973,8.106,2.312,118.992,220.528,252.907,260.467,241.264,152.537,5.487,9.957
BANKURA,1990,0.036,33.025,55.773,24.768,188.327,278.112,679.004,222.765,267.161,127.444,11.775,0.85
BANKURA,1991,10.821,12.781,59.793,16.393,45.616,244.121,272.428,519.412,243.253,89.735,4.843,22.91
BANKURA,1992,17.15,10.333,0.506,10.067,61.035,226.963,324.672,169.471,157.932,69.658,0.683,0
BANKURA,1993,2.4,0.763,58.873,71.97,80.157,336.249,313.407,340.218,337.531,132.309,9.278,0
BANKURA,1994,16.772,50.372,52.769,54.201,72.611,256.276,334.629,367.108,113.612,166.843,2.56,0
BANKURA,1995,15.519,28.105,29.832,14.832,75.319,86.175,298.291,264.474,396.262,101.614,20.234,0
BANKURA,1996,8.781,19.15,7.619,35.101,23.982,306.805,204.124,484.792,130.386,156.897,0.415,0
BANKURA,1997,30.184,15.615,37.33,63.779,113.365,60.538,396.965,418.125,259.5,50.025,16.566,12.5
BANKURA,1998,26.637,72.009,26.77,40.616,95.648,175.477,225.138,231.653,231.039,268.078,33.472,0
BANKURA,1999,6.264,5.026,0.342,0.461,132.667,190.636,279.284,458.25,428.65,58.844,12.722,0
BANKURA,2000,3.682,58.063,0.687,68.874,112.843,209.735,178.329,230.86,189.252,30.781,7.887,1.104
BANKURA,2001,0.525,4.989,64.74,31.432,96.106,221.01,196.214,279.982,94.206,136.039,11.371,0
BANKURA,2002,28.434,17.102,6.099,57.144,52.986,189.161,267.039,396.262,226.251,85.908,13.996,0
BIRBHUM,1901,34.24,35.301,6.011,22.667,59.373,102.761,271.778,350.499,222.268,50.263,24.475,0
BIRBHUM,1902,0.672,0.22,31.356,76.735,79.15,122.259,336.581,270.729,351.908,44.344,0.419,5.799
BIRBHUM,1903,5.001,18.04,20.399,49.534,59.097,181.059,133.852,307.175,204.324,161.449,2.229,0
BIRBHUM,1904,0,15.993,59.923,5.597,242.505,406.75,364.393,288.416,98.474,15.296,5.153,0.005
BIRBHUM,1905,18.589,56.052,75.754,48.819,125.553,54.462,404.168,373.96,253.504,50.212,0.005,0.315
BIRBHUM,1906,34.212,112.807,51.286,1.606,59.045,224.321,249.946,240.779,134.925,170.039,3.075,0.043
BIRBHUM,1907,0.377,40.404,82.259,41.937,65.245,285.508,197.521,239.963,205.82,28.159,0,4.871
BIRBHUM,1908,14.442,42.306,7.361,1.414,56.644,403.279,366.432,312.862,138.976,24.982,0.297,0.315
BIRBHUM,1909,12.84,9.145,0.264,112.458,51.526,378.075,186.093,465.124,212.906,35.205,1.597,6.55
BIRBHUM,1910,7.866,44.447,34.022,48.813,56.787,194.979,308.569,357.19,212.058,104.934,3.136,0
BIRBHUM,1911,0.495,0.589,48.136,12.211,51.66,583.546,140.772,289.694,241.702,140.248,10.62,0
BIRBHUM,1912,0.069,8.2,52.407,58.433,77.354,216.714,300.51,293.583,63.978,55.825,24.562,0.422
BIRBHUM,1913,0.271,51.336,51.605,9.337,124.946,585.171,199.3,372.293,186.209,81.682,3.981,10.282
BIRBHUM,1914,0,42.086,25.736,42.126,121.518,154.125,460.57,352.042,120.971,32.404,0,10.845
BIRBHUM,1915,4.239,21.115,64.088,15.308,87.469,251.659,243.875,356.175,222.823,62.721,20.243,0
BIRBHUM,1916,0.002,7.202,4.65,29.206,39.377,445.324,272.702,352.476,325.384,317.379,9.583,0
BIRBHUM,1917,1.504,42.687,22.113,24.577,130.273,217.458,298.013,225.373,304.8,290.394,5.297,0
BIRBHUM,1918,2.296,0.245,18.492,60.472,107.32,300.451,107.051,518.564,200.851,13.354,0.297,4.346
BIRBHUM,1919,15.979,31.792,23.139,31.753,92.348,258.875,268.641,468.008,156.813,111.175,14.589,0
BIRBHUM,1920,0.03,34.646,107.013,8.144,49.605,118.417,457.336,322.16,330.228,37.137,0.067,0
BIRBHUM,1921,37.571,4.695,16.22,27.311,37.269,246.997,272.454,449.498,177.547,30.027,0,0
BIRBHUM,1922,8.004,5.07,0.306,11.718,30.311,507.655,297.279,378.452,328.466,44.351,0.321,4.761
BIRBHUM,1923,0.795,72.716,12.02,7.898,22.406,150.016,249.709,371.006,140.36,102.213,5.101,1.767
BIRBHUM,1924,6.775,14.167,0.795,23.11,32.894,270.775,323.8,383.776,246.719,87.323,30.878,0
BIRBHUM,1925,48.941,15.304,11.841,82.345,70.725,300.914,447.228,276.629,219.274,63.387,3.697,0
BIRBHUM,1926,29.123,3.961,113.474,23.908,113.166,81.805,442.979,394.687,210.749,62.025,0.171,7.578
BIRBHUM,1927,19.143,108.731,51.1,13.206,72.058,281.757,272.354,294.35,105.257,56.712,14.007,0
BIRBHUM,1928,45.024,1.472,2.75,30.1,105.563,473.566,436.001,242.597,237.691,113.788,0.077,0.66
BIRBHUM,1929,33.718,6.695,37.55,35.819,50.235,168.254,331.629,218.382,113.949,310.947,0.075,5.589
BIRBHUM,1930,0.2,17.231,11.848,14.124,64.175,182.554,403.881,285.804,163.381,62.153,23.123,3.909
BIRBHUM,1931,14.68,93.164,36.853,6.925,79.463,155.487,392.306,210.385,394.187,70.328,10.313,0.523
BIRBHUM,1932,0.07,52.513,11.598,26.868,134.014,80.472,329.296,266.237,240.312,55.24,29.183,3.14
BIRBHUM,1933,44.378,25.977,2.778,55.374,102.573,308.119,298.105,443.322,158.392,106.244,0,0
BIRBHUM,1934,8.326,35.482,2.417,51.689,44.948,205.409,229.766,348.912,271.885,79.55,7.574,2.847
BIRBHUM,1935,16.572,18.174,18.239,19.215,17.904,168.514,188.389,549.282,301.351,11.481,0,1.865
BIRBHUM,1936,7.457,13.536,23.105,5.541,154.057,270.807,279.457,230.735,464.46,105.398,0.069,17.016
BIRBHUM,1937,0,51.986,10.193,56.981,78.97,266.651,179.919,418.803,286.822,154.088,1.072,0.825
BIRBHUM,1938,3.936,31.147,12.657,2.719,169.709,298.231,158.27,282.789,94.3,59.108,1.468,0
BIRBHUM,1939,8.261,20.981,11.754,19.843,43.267,228.554,446.997,373.906,303.533,156.482,2.444,0.264
BIRBHUM,1940,0,32.722,125.288,8.331,78.679,150.779,237.758,340.624,184.138,53.615,0.005,1.656
BIRBHUM,1941,35.045,0.591,14.296,19.339,53.224,367.118,327.56,446.965,244.321,195.095,24.95,0
BIRBHUM,1942,0.439,69.682,14.832,17.257,17.86,111.258,400.293,541.146,433.308,90.464,2.319,0.314
BIRBHUM,1943,44.541,20.298,23.486,113.779,63.764,190.975,588.696,368.666,222.364,68.929,0,0
BIRBHUM,1944,19.389,55.904,81.511,39.29,53.892,197.996,355.037,522.188,133.96,67.62,0,0
BIRBHUM,1945,29.816,31.232,9.826,79.517,70.473,198.441,225.861,361.663,296.991,189.386,0,0.66
BIRBHUM,1946,0,3.916,26.147,41.606,93.419,196.666,275.526,300.99,271.569,193.344,18.285,0.043
BIRBHUM,1947,2.337,12.849,40.413,6.689,65.544,213.643,325.358,324.383,336.686,67.581,0.073,6.396
BIRBHUM,1948,6.681,17.664,40.05,87.893,78.793,208.141,288.934,310.782,123.163,122.041,27.724,0.043
BIRBHUM,1949,1.103,14.824,30.489,59.373,156.826,331.678,317.373,441.443,180.993,59.119,0,0
BIRBHUM,1950,0.006,8.308,66.541,18.874,43.513,428.466,289.446,308.392,166.507,83.541,20.989,0.193
BIRBHUM,1951,5.276,0.218,70.303,16.089,35.747,220.503,429.734,360.076,300.925,111.098,22.321,0
BIRBHUM,1952,0,12.194,49.282,65.828,38.465,245.402,319.175,299.3,222.821,123.009,18.784,0.064
BIRBHUM,1953,42.234,18.363,50.633,2.17,34.955,236.432,350.862,276.184,295.125,21.417,2.074,0
BIRBHUM,1954,17.765,9.568,1.265,2.654,63.979,271.992,253.76,305.994,283.927,76.383,0,6.936
BIRBHUM,1955,31.519,9.382,21.506,29.142,34.343,186.298,305.113,192.916,177.411,146.423,23.923,0.007
BIRBHUM,1956,10.978,50.846,43.694,53.841,110.635,372.707,236.895,360.427,316.057,173.896,18.576,3.617
BIRBHUM,1957,31.448,19.536,33.293,9.555,4.555,125.365,263.168,181.174,255.82,94.871,0,0.009
BIRBHUM,1958,9.04,44.264,18.258,21.585,28.378,103.164,315.007,498.182,219.524,139.258,4.17,0
BIRBHUM,1959,8.989,3.46,16.926,24.392,70.01,189.835,240.492,332.01,292.716,374.363,0,0.646
BIRBHUM,1960,0.749,0.218,56.445,2.16,47.143,131.358,322.234,276.163,229.127,76.326,1.717,0
BIRBHUM,1961,16.09,103.997,1.951,1.264,50.398,229.178,142.785,387.491,287.943,129.707,1.459,2.452
BIRBHUM,1962,13.241,18.915,4.372,12.176,58.28,179.971,209.124,417.605,149.947,94.644,0,1.519
BIRBHUM,1963,0.75,3.532,36.971,79.772,120.284,285.441,260.689,150.587,242.194,237.961,8.579,0.074
BIRBHUM,1964,0.223,3.038,20.02,71.975,70.815,178.49,310.974,267.012,167.512,81.429,7.886,0
BIRBHUM,1965,0.475,23.194,14.801,35.446,22.948,147.556,257.102,383.362,233.282,52.37,3.073,1.923
BIRBHUM,1966,42.243,2.538,2.216,10.562,16.222,208.005,112.843,302.017,154.09,44.293,25.161,15.356
BIRBHUM,1967,10.33,1.195,69.784,62.831,34.905,164.571,218.993,408.544,155.297,49.931,0,1.59
BIRBHUM,1968,12.493,11.651,18.645,14.907,21.949,433.895,348.592,379.744,98.91,144.099,11.918,2.134
BIRBHUM,1969,5.468,5.871,42.386,53.24,73.699,158.197,283.017,409.793,222.247,73.442,10.266,0
BIRBHUM,1970,18.592,12.506,34.704,6.34,45.609,254.268,269.695,251.036,338.503,181.348,7.389,0
BIRBHUM,1971,31.783,38.462,8.809,170.318,114.035,357.496,434.535,609.767,303.592,103.737,6.245,0
BIRBHUM,1972,6.388,44.412,1.592,17.542,18.843,77.191,172.864,449.274,168.324,80.464,3.755,0.152
BIRBHUM,1973,3.224,8.5,41.226,11.311,133.703,397.489,236.122,263.87,493.583,185.603,24.117,20.673
BIRBHUM,1974,1.59,0.219,89.576,20.746,87.071,102.212,283.904,230.338,361.281,107.287,3.077,0.75
BIRBHUM,1975,7.419,13.323,10.678,12.287,73.208,149.392,333.087,194.443,211.197,114.982,10.6,0
BIRBHUM,1976,0.019,23.806,8.046,29.621,105.66,74.285,350.052,276.49,298.2,27.96,1.208,0
BIRBHUM,1977,4.496,36.431,1.514,44.822,138.673,392.33,576.013,200.093,159.168,89.907,18.475,24.231
BIRBHUM,1978,0.902,63.278,72.195,67.893,100.813,276.17,323.233,335.205,556.967,162.742,18.652,4.207
BIRBHUM,1979,34.576,37.626,6.952,45.89,26.805,99.029,261.712,241.996,203.025,70.76,5.974,28.097
BIRBHUM,1980,23.744,26.281,80.143,2.517,89.46,313.678,252.979,291.381,120.677,86.781,3.676,0.152
BIRBHUM,1981,14.776,27.521,66.573,102.617,129.735,138.049,347.432,220.197,204.373,1.076,1.946,11.35
BIRBHUM,1982,3.336,14.315,45.636,83.498,34.052,119.362,154.997,326.412,180.388,28.351,8.487,0.423
BIRBHUM,1983,9.009,29.259,45.268,35,118.872,205.081,310.867,260.523,126.235,151.969,0.301,4.425
BIRBHUM,1984,27.626,13.907,5.863,52.664,58.038,575.063,324.38,335.825,307.669,64.066,0,0
BIRBHUM,1985,8.042,8.436,1.87,24.697,54.579,156.021,378.335,202.81,176.608,95.933,0.84,10.149
BIRBHUM,1986,10.261,9.009,1.077,47.481,96.179,198.206,308.371,217.442,460.519,83.855,27.365,3.394
BIRBHUM,1987,0.923,3.636,21.895,52.584,67.057,102.349,257.231,245.701,119.432,36.704,14.826,2.774
BIRBHUM,1988,4.488,34.432,34.418,11.984,69.2,209.887,261.555,429.78,134.518,77.911,22.782,2.106
BIRBHUM,1989,4.004,3.448,6.233,1.862,103.451,230.489,206.766,284.786,267.75,109.893,5.443,4.496
BIRBHUM,1990,0.004,21.348,42.731,29.798,199.932,299.841,515.163,240.259,287.414,257.885,7.707,0.638
BIRBHUM,1991,5.808,6.407,47.308,12.829,49.28,202.534,271.186,488.857,238.368,99.659,2.821,14.469
BIRBHUM,1992,12.654,8.277,2.385,11.258,62.288,209.446,319.102,196.837,165.503,53.278,0.186,0.071
BIRBHUM,1993,7.086,2.324,56.18,65.412,85.708,323.783,258.708,335.256,330.024,126.018,7.646,0
BIRBHUM,1994,21.046,37.339,47.263,54.567,70.651,150.23,266.606,352.369,114.589,166.049,4.123,0.005
BIRBHUM,1995,16.688,25.296,23.486,17.991,70.543,115.258,252.93,244.178,385.255,96.121,16.751,0.341
BIRBHUM,1996,8.015,16.452,8.4,38.18,44.383,204.116,157.005,443.205,137.353,154.618,0,0
BIRBHUM,1997,23.048,12.998,37.129,51.476,120.836,65.679,306.5,373.005,242.23,68.224,12.321,12.169
BIRBHUM,1998,17.903,57.35,27.994,37.809,103.87,149.118,195.371,244.364,233.334,302.487,22.339,0
BIRBHUM,1999,5.725,4.317,1.303,1.239,118.423,192.308,256.94,410.632,370.68,79.92,9.681,0.005
BIRBHUM,2000,4.276,38.559,4.435,53.44,104.988,214.122,149.719,241.783,205.048,35.05,4.497,1.174
BIRBHUM,2001,0.872,6.073,56.514,29.425,106.367,195.847,187.57,257.092,113.39,151.316,6.71,0
BIRBHUM,2002,21.107,10.114,13.384,54.036,49.423,190.68,222.533,336.445,206.487,101.698,11.41,0
JALPAIGURI,1901,22.351,1.687,10.743,59.089,89.279,514.222,359.978,446.972,299.913,92.212,26.702,5.386
JALPAIGURI,1902,0.304,0.177,49.371,140.978,160.077,450.013,553.445,401.012,513.5,58.49,0.438,0.247
JALPAIGURI,1903,4.477,11.994,30.067,79.52,236.071,731.142,280.851,508.07,382.256,157.934,3.585,0.247
JALPAIGURI,1904,0.638,14.608,24.677,95.363,550.073,465.92,556.586,420.925,255.094,82.959,9.149,0.708
JALPAIGURI,1905,6.491,10.677,39.55,85.519,257.479,199.937,582.093,681.669,388.911,58.187,3.117,6.164
JALPAIGURI,1906,5.041,27.164,29.118,38.038,175.64,376.417,652.745,360.194,302.546,213.897,3.1,0.247
JALPAIGURI,1907,13.978,19.97,57.855,108.148,177.392,608.515,506.201,344.086,423.222,46.805,0.263,3.788
JALPAIGURI,1908,3.937,13.776,9.175,48.065,234.346,379.509,433.645,406.2,260.557,45.203,2.841,0.78
JALPAIGURI,1909,1.219,2.613,0.199,141.892,192.005,653.573,603.984,367.399,326.845,102.537,0.94,2.285
JALPAIGURI,1910,3.183,5.319,35.585,117.191,170.382,516.008,675.263,392.089,214.604,126.379,6.597,0.177
JALPAIGURI,1911,17.411,1.403,23.539,59.051,220.154,607.474,503.419,460.441,464.899,168.108,14.517,0.177
JALPAIGURI,1912,0.859,19.314,20.989,153.083,219.946,542.579,619.637,494.223,154.318,55.627,12.316,1.305
JALPAIGURI,1913,0.318,30.88,40.761,48.578,262.411,759.582,432.233,439.215,350.765,144.141,0.681,33.343
JALPAIGURI,1914,0.084,22.527,15.677,93.02,246.149,314.562,570.267,520.436,293.42,48.665,4.999,0.904
JALPAIGURI,1915,0.51,32.504,31.978,92.143,363.674,648.434,612.704,457.109,298.296,56.27,5.053,0.247
JALPAIGURI,1916,0.685,7.775,14.334,70.473,121.045,351.089,501.353,436.746,383.213,307.247,5.564,0.144
JALPAIGURI,1917,0.492,18.377,11.804,73.711,216.82,508.94,877.337,389.693,577.948,287.804,9.469,0.177
JALPAIGURI,1918,0.212,6.931,16.406,83.994,270.226,521.752,706.793,708.745,392.21,69.557,0.919,0.177
JALPAIGURI,1919,10.137,2.789,7.719,55.824,233.491,364.305,570.063,468.835,426.489,120.284,5.536,0.144
JALPAIGURI,1920,6.581,17.582,47.363,67.898,174.673,376.252,467.91,352.873,509.149,70.867,0.263,0.144
JALPAIGURI,1921,19.404,7.252,22.407,115.535,182.617,450.879,740.624,539.081,299.997,82.522,3.478,0.662
JALPAIGURI,1922,5.892,5.366,1.757,23.145,129.498,741.719,686.294,531.857,403.009,63.341,1.015,11.694
JALPAIGURI,1923,0.304,29.4,3.058,49.563,166.714,541.585,361.237,462.36,224.344,114.331,2.988,5.321
JALPAIGURI,1924,2.247,7.367,3.384,68.742,205.644,455.389,630.805,503.884,452.084,80.985,38.263,0.144
JALPAIGURI,1925,3.344,1.458,11.142,161.616,330.562,270.98,640.322,330.124,396.342,72.791,2.048,0.247
JALPAIGURI,1926,9.148,1.315,72.061,61.921,318.23,212.92,718.711,388.176,271.915,108.511,0.263,6.031
JALPAIGURI,1927,18.863,32.295,45.343,47.444,173.83,364.743,516.005,623.617,292.32,73.67,22.304,0.247
JALPAIGURI,1928,9.698,7.39,5.065,54.16,324.521,378.95,523.261,460.561,261.903,157.4,4.736,1.413
JALPAIGURI,1929,13.704,0.42,22.141,80.369,307.081,598.522,514.028,465.419,174.894,297.355,1.93,5.641
JALPAIGURI,1930,5.74,12.259,20.019,80.752,165.515,452.962,437.144,524.411,342.842,92.342,20.905,7.787
JALPAIGURI,1931,0.678,9.872,27.867,45.743,219.26,309.115,1026.882,463.211,527.127,94.761,2.456,7.032
JALPAIGURI,1932,0.304,10.617,13.634,78.318,230.744,493.131,347.858,344.236,385.071,84.92,31.888,15.711
JALPAIGURI,1933,11.465,10.939,3.917,97.325,243.634,267.781,841.915,550.937,231.652,202.301,0.563,0.177
JALPAIGURI,1934,11.957,29.314,2.031,89.661,294.731,699.06,718.573,413.38,364.432,173.109,10.714,0.314
JALPAIGURI,1935,0.762,19.62,10.849,11.662,250.119,312.858,398.379,728.672,435.435,38.031,0,1.016
JALPAIGURI,1936,2.178,20.17,20.687,69.737,337.122,435.15,703.169,441.941,630.566,131.139,0.025,16.266
JALPAIGURI,1937,0,27.706,6.692,110.583,203.313,318.16,394.958,687.381,528.012,144.448,2.367,0.024
JALPAIGURI,1938,2.37,38.1,32.353,71.002,263.897,748.95,727.949,483.34,234.976,84.675,7.195,0.177
JALPAIGURI,1939,0.573,14.108,9.146,35.298,206.084,453.406,603.896,290.325,520.892,174.049,0.177,0.247
JALPAIGURI,1940,0.307,30.29,31.474,35.903,217.888,533.702,728.799,429.351,414.839,70.712,3.51,9.388
JALPAIGURI,1941,2.489,5.828,17.438,35.505,271.696,526.448,360.234,430.029,377.503,160.83,4.558,2.137
JALPAIGURI,1942,7.404,15.764,28.694,69.835,125.99,419.84,348.871,671.187,688.251,47.42,0.075,0.659
JALPAIGURI,1943,9.884,8.031,45.109,179.48,245.976,363.284,515.769,369.539,380.133,52.741,2.754,1.576
JALPAIGURI,1944,17.618,5.412,49.374,78.017,169.32,471.59,267.575,492.323,303.269,65.037,0.639,0
JALPAIGURI,1945,30.845,11.06,12.33,92.329,207.868,471.762,519.696,499.644,552.17,269.718,0.263,1.284
JALPAIGURI,1946,0,14.789,46.531,76.793,239.974,370.888,602.715,288.822,292.983,305.903,13.679,0
JALPAIGURI,1947,5.063,2.632,25.855,44.683,224.563,371.949,894.075,394.551,465.029,54.196,0,3.442
JALPAIGURI,1948,1.495,5.182,13.27,111.756,405.357,293.625,618.588,409.69,401.145,185.838,15.095,0
JALPAIGURI,1949,7.402,20.358,12.536,97.988,323.916,653.442,531.932,639.247,473.172,102.866,1.454,0.247
JALPAIGURI,1950,0.81,7.249,44.364,33.74,86.746,616.595,505.763,455.663,232.113,145.792,8.119,0.177
JALPAIGURI,1951,2.004,2.585,51.188,29.354,127.933,455.588,812.618,556.303,243.369,158.897,21.005,0
JALPAIGURI,1952,0.304,9.221,23.456,151.566,128.745,689.928,496.59,537.117,529.223,109.828,7.124,0
JALPAIGURI,1953,23.047,1.622,28.795,20.794,142.069,543.656,665.982,271.51,405.221,10.95,0.016,7.274
JALPAIGURI,1954,18.891,1.801,5.267,19.138,268.484,742.448,764.659,331.866,423.691,90.441,0,7.666
JALPAIGURI,1955,12.438,4.014,7.392,109.236,109.574,616.826,1105.93,605.016,304.747,46.241,3.136,1.08
JALPAIGURI,1956,9.487,4.96,32.457,52.955,300.153,522.375,522.306,351.669,341.18,165.339,17.05,2.575
JALPAIGURI,1957,25.095,2.692,10.973,39.177,175.778,216.072,504.518,350.789,193.549,45.146,2.491,4.204
JALPAIGURI,1958,15.311,4.201,22.456,94.69,193.229,172.827,539.5,733.556,295.572,52.044,2.576,0.135
JALPAIGURI,1959,24.247,0.293,8.943,71.064,258.786,390.19,581.507,391.18,432.106,289.745,0.199,0
JALPAIGURI,1960,0.261,0.893,33.503,18.402,177.459,270.936,634.618,335.217,584.521,53.638,0.098,0.066
JALPAIGURI,1961,0.548,21.119,10.287,56.056,140.059,422.642,446.109,287.926,303.581,182.532,7.014,2.726
JALPAIGURI,1962,12.213,9.306,13.487,78.421,226.978,505.26,411.013,601.8,353.228,41.456,0,0.449
JALPAIGURI,1963,0.594,0.335,59.884,81.454,241.183,405.578,639.992,361.588,356.842,104.405,7.166,0.131
JALPAIGURI,1964,2.256,3.89,9.284,61.147,176.555,447.44,684.077,307.01,234.374,105.543,1.301,0
JALPAIGURI,1965,0,10.626,21.265,90.253,193.193,254.243,461.175,594.047,175.965,23.793,23.881,0.863
JALPAIGURI,1966,20.733,4.188,7.671,36.764,138.968,361.706,394.745,479.109,233.098,27.338,15.556,1.909
JALPAIGURI,1967,0.754,1.19,68.495,137.092,68.839,264.416,547.481,321.421,421.648,114.272,3.302,0.008
JALPAIGURI,1968,12.454,1.475,12.099,63.858,168.959,475.351,711.616,393.351,199.302,483.832,2.498,2.094
JALPAIGURI,1969,11.116,0.49,31.005,74.364,223.624,362.814,613.424,512.764,356.476,59.138,24.812,0
JALPAIGURI,1970,7.951,24.688,18.78,53.947,138.965,516.723,481.298,488.499,337.029,43.094,2.339,0
JALPAIGURI,1971,4.694,3.039,14.893,96.181,199.579,394.067,563.986,447.229,381.353,276.933,20.191,0.114
JALPAIGURI,1972,4.362,14.827,32.472,81.67,178.294,252.42,476.446,314.995,500.037,65.637,15.583,0
JALPAIGURI,1973,8.203,13.032,9.739,58.342,229.903,666.181,516.997,383.929,406.856,468.237,23.76,1.299
JALPAIGURI,1974,9.513,0,10.577,70.444,257.141,417.029,866.313,391.902,474.135,79.77,0.282,0.146
JALPAIGURI,1975,3.215,2.458,4.618,84.483,215.925,517.461,785.12,224.906,615.202,55.219,0,0.101
JALPAIGURI,1976,5.376,17.606,9.768,102.897,241.639,522.732,434.408,498.66,277.29,40.493,0.596,0.011
JALPAIGURI,1977,0.841,2.537,18.356,134.896,294.349,338.149,538.788,449.191,240.17,226.099,23.846,12.33
JALPAIGURI,1978,6.759,7.163,39.873,99.348,357.051,519.073,630.852,424.613,400.938,76.396,36.66,0.06
JALPAIGURI,1979,3.041,17.792,2.018,72.556,117.656,351.545,680.27,543.219,322.14,126.19,17.076,42.956
JALPAIGURI,1980,1.114,5.42,28.583,72.076,298.291,412.236,528.932,443.608,328.017,78.571,0,0.699
JALPAIGURI,1981,22.789,6.856,26.508,119.013,337.278,318.865,690.578,412.819,361.742,2.91,6.021,13.123
JALPAIGURI,1982,0.023,8.057,16.74,80.063,99.812,494.543,420.557,283.688,361.265,105.41,15.125,1.66
JALPAIGURI,1983,7.995,12.797,23.382,49.789,278.354,359.366,779.79,328.994,343.412,100.232,0,23.476
JALPAIGURI,1984,18.468,10.733,14.354,130.965,325.354,838.304,766.181,453.999,552.04,79.032,1.018,1.746
JALPAIGURI,1985,1.213,11.7,14.077,101.809,221.966,376.21,871.489,338.436,377.639,330.429,8.86,26.974
JALPAIGURI,1986,0.041,2.296,5.546,151.535,168.198,469.448,596.014,273.787,449.928,127.575,9.514,31.993
JALPAIGURI,1987,3.235,10.545,53.353,121.155,175.542,397.34,813.064,642.263,467.593,344.772,1.225,3.619
JALPAIGURI,1988,0.686,13.656,21.421,115.302,255.314,331.011,752.584,673.726,343.028,13.868,13.679,23.895
JALPAIGURI,1989,26.532,33.775,22.264,41.576,564.352,671.638,822.587,273.122,572.038,62.834,14.89,4.899
JALPAIGURI,1990,0.192,28.935,39.319,92.09,309.182,461.856,593.561,384.874,480.86,181.742,0,0
JALPAIGURI,1991,33.948,14.409,30.484,22.881,156.106,532.25,456.898,644.21,630.136,55.806,0.299,13.494
JALPAIGURI,1992,5.2,3.952,18.913,93.611,331.943,248.508,765.421,513.31,335.605,23.08,1.003,2.022
JALPAIGURI,1993,37.224,11.639,41.793,107.055,274.694,425.883,394.851,560.86,457.238,40.144,3.257,0
JALPAIGURI,1994,37.601,11.272,28.348,138.142,138.867,450.124,430.663,567.376,240.11,52.338,33.815,1.289
JALPAIGURI,1995,31.994,17.755,9.187,74.915,173.218,413.166,535.604,344.025,475.15,22.733,27.06,6.678
JALPAIGURI,1996,8.749,11.816,9.074,97.707,277.693,210.261,465.94,458.554,295.41,114.133,0,0
JALPAIGURI,1997,9.038,19.56,17.846,79.626,337.694,272.18,369.601,406.776,474.622,66.553,17.454,16.749
JALPAIGURI,1998,0.482,14.901,29.15,102.359,303.489,246.466,491.619,505.685,387.861,301.517,11.388,0
JALPAIGURI,1999,4.404,2.755,4.866,5.488,348.707,388.233,601.349,533.395,376.571,108.299,6.653,0.295
JALPAIGURI,2000,5.847,8.056,32.319,38.334,255.983,474.229,323.655,492.411,412.889,24.323,0.272,0.295
JALPAIGURI,2001,1.237,3.692,24.538,80.732,287.541,358.713,484.257,372.067,255.3,148.274,2.263,0
JALPAIGURI,2002,8.167,4.147,17.302,119.749,209.147,371.679,512.079,405.368,372.897,125.071,15.75,0
KOLKATA,1901,34.222,53.43,1.483,40.367,107.505,178.82,290.972,359.337,459.2,51.651,59.001,0
KOLKATA,1902,0.519,0.504,40.96,151.705,155.786,127.762,349.641,357.639,224.379,67.108,1.113,20.664
KOLKATA,1903,5.612,19.712,22.265,47.405,36.772,230.535,142.759,278.238,343.642,205.557,0.434,0.006
KOLKATA,1904,0,60.854,76.764,8.199,207.926,279.405,452.716,289.547,143.034,28.224,4.115,0.018
KOLKATA,1905,23.818,50.178,100.246,121.515,176.452,41.618,538.219,207.09,302.95,110.552,0.004,0
KOLKATA,1906,44.629,120.228,61.671,0.899,71.773,167.739,293.245,226.196,212.047,150.226,7.204,0.004
KOLKATA,1907,0,12.279,113.182,44.242,97.012,391.098,188.335,270.19,135.533,27.119,0.006,16.735
KOLKATA,1908,21.444,10.655,2.075,4.9,81.228,556.569,527.5,383.658,195.887,54.798,0.811,0
KOLKATA,1909,3.057,5.218,0.398,161.116,78.627,483.827,229.082,415.363,242.213,86.225,4.04,20.737
KOLKATA,1910,36.326,20.963,23.902,37.192,84.708,164.335,260.395,313.708,324.042,165.751,1.878,0
KOLKATA,1911,0.401,1.306,57.988,47.609,57.464,338,124.589,243.315,209.065,103.261,13.724,0
KOLKATA,1912,0,19.147,107.261,67.375,90.535,220.209,270.39,301.014,122.486,100.891,68.487,0
KOLKATA,1913,1.306,86.289,34.134,35.422,158.596,677.748,311.329,368.585,158.113,161.416,11.23,7.975
KOLKATA,1914,0,34.854,15.811,86.007,155.456,202.36,387.497,278.807,180.968,12.171,0.004,37.575
KOLKATA,1915,9.424,14.373,112.54,38.18,103.252,248.275,241.268,416.959,274.087,96.67,49.998,0
KOLKATA,1916,0,1.779,0.793,45.854,66.419,411.079,193.81,488.266,444.92,375.483,21.859,0
KOLKATA,1917,0.394,39.04,38.382,49.968,156.013,259.733,281.878,375.285,227.845,305.945,8.193,0
KOLKATA,1918,0.493,0.3,23.47,116.946,145.661,355.7,163.063,334.483,242.501,8.328,0.81,15.162
KOLKATA,1919,16.685,34.05,18.328,98.268,85.436,290.509,275.554,609.906,88.744,37.252,39.68,0
KOLKATA,1920,0,41.753,172.459,2.285,50.673,120.276,364.11,479.56,259.282,128.793,0.405,0
KOLKATA,1921,53.118,11.904,20.18,69.121,52.802,309.973,232.518,463.155,168.944,11.125,0.004,0
KOLKATA,1922,5.5,1.494,0.5,29.975,43.103,520.921,330.897,474.453,533.329,60.562,0.632,1.775
KOLKATA,1923,0.4,101.598,29.629,19.794,19.272,130.343,359.216,451.232,146.925,131.424,14.401,6.257
KOLKATA,1924,6.931,18.788,0.398,14.904,21.8,207.271,256.553,402.368,262.743,90.515,43.552,0
KOLKATA,1925,26.495,8.857,13.903,89.966,85.864,216.509,409.847,241.546,201.15,197.962,7.449,0.079
KOLKATA,1926,18.655,18.723,131.701,40.133,90.754,131.128,554.594,545.487,175.376,99.592,0.3,22.373
KOLKATA,1927,11.664,53.665,17.713,48.703,89.076,266.693,211.755,217.5,174.688,74.442,9.093,0
KOLKATA,1928,14.164,1,3.695,80.111,129.724,428.864,494.545,407.338,231.959,92.924,0.012,0.394
KOLKATA,1929,31.877,16.349,68.665,52.742,33.1,158.974,270.04,297.278,253.583,316.138,0.004,11.025
KOLKATA,1930,0,21.597,12.38,7.143,82.759,196.634,448.042,377.538,188.787,34.011,51.919,1.874
KOLKATA,1931,4.762,87.688,39.721,25.347,132.776,143.69,330.399,244.329,345.51,148.68,14.159,0.62
KOLKATA,1932,0,19.14,18.388,28.959,207.9,148.206,253.985,250.713,268.364,92.51,68.056,1.282
KOLKATA,1933,27.246,63.805,2.218,86.043,136.267,351.546,373.776,409.648,259.115,232.008,0.011,0
KOLKATA,1934,1.676,10.795,4.397,54.184,46.582,186.856,210.804,386.626,322.385,130.766,19.144,9.738
KOLKATA,1935,14.987,33.196,26.976,58.853,9.2,112.851,164.297,367.268,201.723,21.4,0.004,6.525
KOLKATA,1936,10.616,27.753,15.93,6.914,179.532,352.924,254.132,181.394,516.25,131.888,0.033,42.016
KOLKATA,1937,0,69.262,11.404,18.079,99.512,370.777,246.721,389.831,343.576,204.487,3.03,2.815
KOLKATA,1938,9.43,32.446,14.582,1.191,259.167,232.741,146.111,269.559,70.65,93.815,2.229,0
KOLKATA,1939,3.492,37.985,4.326,39.567,49.286,318.347,361.159,550.594,293.85,231.18,7.077,1.012
KOLKATA,1940,0,14.341,177.227,4.26,117.027,176.902,244.162,339.645,353.497,88.755,0.007,0.898
KOLKATA,1941,34.415,0.3,4.05,24.668,55.299,437.961,349.595,635.45,217.518,262.901,71.702,0
KOLKATA,1942,0.405,21.677,7.428,40.981,14.582,82.871,350.643,372.754,480.791,172.988,6.304,0
KOLKATA,1943,63.286,34.485,18.657,143.678,36.37,210.079,431.491,405.824,191.423,70.115,0.019,0
KOLKATA,1944,46.724,25.18,59.256,36.319,54.918,205.233,276.311,554.306,151.527,98.954,0.007,0
KOLKATA,1945,27.585,16.007,14.589,101.286,78.911,186.956,174.548,204.997,293.44,283.722,0.004,0.452
KOLKATA,1946,0,13.308,14.22,44.973,114.53,201.316,207.96,290.1,476.972,218.228,37.821,0
KOLKATA,1947,6.152,16.765,40.302,11.596,101.802,212.747,359.339,399.58,372.235,86.657,0.004,31.904
KOLKATA,1948,18.663,39.413,123.216,32.202,73.647,273.411,264.311,387.487,174.105,173.753,76.208,0
KOLKATA,1949,1.303,4.56,37.238,146.16,191.731,234.563,325.69,250.608,320.708,97.792,0.004,0
KOLKATA,1950,0,6.528,21.566,51.59,70.547,367.034,271.367,234.007,225.126,151.253,90.582,0.493
KOLKATA,1951,1.282,0.3,112.255,35.24,55.708,221.152,312.487,358.444,336.744,97.443,42.214,0.011
KOLKATA,1952,0.003,3.572,45.866,139.761,59.017,219.022,361.34,300.083,212.815,152.764,7.077,0.197
KOLKATA,1953,27.655,20.251,9.866,3.885,42.304,267.323,158.814,321.193,335.896,67.158,10.079,0
KOLKATA,1954,17.696,26.746,0.398,9.202,136.464,244.292,138.847,262.086,249.744,95.551,0.004,24.531
KOLKATA,1955,7.495,2.371,12.164,18.241,18.909,193.769,215.367,276.683,191.259,350.599,66.305,0
KOLKATA,1956,6.581,30.714,49.429,23.808,58.399,443.273,260.423,282.534,391,193.927,8.217,1.381
KOLKATA,1957,62.975,23.488,10.083,38.904,10.204,139.632,343.485,240.677,254.708,124.239,0.004,0
KOLKATA,1958,10.733,77.006,11.03,35.47,41.164,97.845,318.016,241.331,281.358,97.657,18.56,0
KOLKATA,1959,19.169,14.242,12.566,79.418,80.142,289.871,170.418,279.262,487.472,352.552,0.004,2.451
KOLKATA,1960,0.197,0.3,52.669,1.881,74.895,83.443,492.359,380.249,329.252,106.416,4.04,0.018
KOLKATA,1961,37.01,54.281,5,4.6,98.93,230.862,109.519,446.702,332.984,127.469,0.3,1.381
KOLKATA,1962,15.488,16.473,3.085,40.242,61.126,223.162,229.771,221.965,224.322,164.919,0.004,0.789
KOLKATA,1963,0.197,0.892,25.681,82.583,102.226,272.132,262.992,226.863,378.2,172.658,5.806,0
KOLKATA,1964,0,9.341,32.471,81.617,105.753,108.722,520.851,314.016,203.853,92.492,23.766,0
KOLKATA,1965,1.113,35.93,28.977,60.319,40.193,245.738,312.776,424.426,339.071,108.704,0.694,2.029
KOLKATA,1966,31.932,2.125,6.001,8.785,15.892,328.053,116.155,292.204,207.337,74.16,32.644,19.288
KOLKATA,1967,12.057,0.3,57.801,57.066,52.257,115.636,202.626,405.714,298.238,98.158,0.004,5.018
KOLKATA,1968,5.828,34.667,32.386,21.18,13.724,516.165,425.538,596.297,120.397,128.211,34.374,0.986
KOLKATA,1969,22.244,1.483,43.838,134.724,56.857,118.777,271.297,451.655,328.061,96.65,14.339,0.004
KOLKATA,1970,8.26,8.874,82.776,25.815,36.429,434.935,253.247,293.936,495.841,221.792,21.51,0
KOLKATA,1971,50.88,49.954,1.818,208.61,130.513,342.046,482.627,528.906,263.472,214.277,16.65,0
KOLKATA,1972,1.578,78.135,1.296,12.979,12.888,74.522,251.876,551.35,239.536,115.885,2.687,0.197
KOLKATA,1973,0.792,23.608,71.378,26.498,216.789,229.059,203.164,369.204,380.638,204.693,37.625,77.421
KOLKATA,1974,2.001,0.3,159.862,14.998,104.348,116.244,331.92,358.089,316.248,283.614,1.231,0.197
KOLKATA,1975,9.397,36.592,6.232,12.979,70.818,185.172,284.143,332.716,229.34,212.389,34.414,0.011
KOLKATA,1976,0,62.673,16.507,53.515,140.913,111.474,395.896,361.337,252.942,14.451,3.745,0
KOLKATA,1977,5.901,51.531,0.398,52.318,135.596,421.62,450.504,336.754,238.611,82.043,26.799,68.001
KOLKATA,1978,0.197,24.102,70.73,69.488,135.066,219.672,380.334,338.15,892.145,155.684,33.671,7.455
KOLKATA,1979,36.171,14.414,14.296,65.818,38.866,147.292,345.131,278.43,186.204,73.643,3.16,74.131
KOLKATA,1980,29.074,67.467,114.785,3.502,89.79,339.391,301.029,372.125,127.903,134.019,0.793,0.281
KOLKATA,1981,19.125,50.893,88.37,142.879,180,147.61,394.826,256.927,306.393,1.329,1.089,16.058
KOLKATA,1982,1.479,21.882,50.741,136.59,22.203,119.977,167.065,489.032,127.931,9.4,15.865,0.394
KOLKATA,1983,3.189,53.206,82.25,43.29,129.234,228.175,263.019,345.437,143.618,198.322,0.811,4.835
KOLKATA,1984,37.254,4.569,0.99,74.274,66.396,796.939,329.539,467.385,147.98,97.353,0.008,0.01
KOLKATA,1985,8.315,7.088,0.398,48.07,50.147,215.239,439.53,273.083,202.47,137.774,0.212,2.863
KOLKATA,1986,17.643,6.185,1.303,49.731,107.763,215.447,413.34,167.227,806.846,116.928,82.454,2.714
KOLKATA,1987,0.304,7.039,14.091,100.56,77.891,193.863,392.414,518.815,212.21,103.869,36.001,7.64
KOLKATA,1988,1.085,28.953,19.976,31.319,75.844,479.349,293.966,435.931,239.969,132.202,58.189,0.723
KOLKATA,1989,1.69,18.194,2.758,3.702,111.17,207.692,268.641,236.155,309.79,256.655,2.075,5.663
KOLKATA,1990,0,38.14,73.073,40.096,249.74,267.619,748.021,184.112,366.262,176.128,23.572,2.447
KOLKATA,1991,20.373,11.793,56.572,7.546,52.343,273.868,302.251,498.258,323.371,160.404,7.798,46.719
KOLKATA,1992,16.419,13.301,0.398,9.571,75.248,353.084,405.696,190.763,215.792,70.053,0.072,0
KOLKATA,1993,0.697,1,86.026,128.08,114.235,447.959,392.834,416.476,443.587,185.941,18.589,0
KOLKATA,1994,7.751,61.786,84.212,69.617,113.734,209.416,355.238,377.28,168.327,200.7,4.772,0
KOLKATA,1995,18.047,31.073,19.739,25.202,92.586,121.911,329.59,282.819,574.066,188.716,37.393,0
KOLKATA,1996,4.484,19.176,10.988,58.1,30.569,344.652,180.838,552.669,161.155,184.51,0.006,0.018
KOLKATA,1997,34.453,20.801,57.267,105.101,93.509,79.302,488.509,436.884,397.659,79.401,9.91,23.598
KOLKATA,1998,32.693,85.995,39.563,55.864,56.262,250.808,254.05,231.635,299.1,376.012,47.343,0
KOLKATA,1999,1.479,1.187,0.398,0.599,170.579,245.429,290.917,530.623,698.467,101.32,26.18,0.003
KOLKATA,2000,1.79,62.537,0.694,100.817,176.787,243.795,213.877,282.749,196.186,61.61,16.282,3.316
KOLKATA,2001,0.197,6.595,68.967,35.255,146.78,338.488,191.335,259.304,135.212,202.163,21.756,0.006
KOLKATA,2002,29.043,16.619,2.864,90.962,68.279,291.769,326.002,432.436,300.804,84.353,15.716,0
MEDINIPUR,1901,31.543,58.285,3.093,38.545,114.754,149.112,257.548,337.073,422.953,53.759,68.517,0.039
MEDINIPUR,1902,4.776,0.438,30.549,129.815,148.519,153.246,318.089,370.707,220.733,61.379,1.26,16.438
MEDINIPUR,1903,6.096,28.479,16.978,36.118,41.668,209.472,192.502,265.531,316.074,190.086,3.323,0.314
MEDINIPUR,1904,0.039,39.628,67.721,6.86,239.667,302.456,408.497,362.428,152.361,51.04,3.05,1.604
MEDINIPUR,1905,17.859,44.952,92.233,139.815,187.841,53.561,484.463,230.089,343.659,95.913,0.165,0.304
MEDINIPUR,1906,31.912,113.762,55.84,0.689,62.696,189.749,312.429,249.39,215.361,133.575,10.567,0.577
MEDINIPUR,1907,0.039,19.012,97.618,97.443,96.537,328.369,172.837,294.528,113.077,24.165,0.341,13.857
MEDINIPUR,1908,19.745,15.267,3.011,7.475,84.292,514.235,464.176,414.585,197.514,70.81,0.781,0.026
MEDINIPUR,1909,3.848,14.843,0.367,169.042,70.173,394.377,244.242,384.888,221.402,72.488,3.511,13.08
MEDINIPUR,1910,25.762,21.54,22.043,31.874,77.815,208.177,267.949,376.736,289.787,159.336,5.566,0
MEDINIPUR,1911,0.2,1.772,52.516,41.656,57.099,395.786,114.096,257.801,242.825,92.913,18.137,0.026
MEDINIPUR,1912,0.039,24.42,86.519,59.899,88.938,219.296,259.288,325.757,140.086,93.055,79.024,0
MEDINIPUR,1913,0.755,71.968,34.571,31.446,151.564,521.685,321.866,354.515,143.226,168.774,13.792,4.367
MEDINIPUR,1914,0,46.898,17.649,112.989,156.742,216.326,320.922,287.874,216.128,8.043,0.113,21.105
MEDINIPUR,1915,6.801,20.275,98.028,47.798,98.461,248.71,230.289,450.555,276.804,107.295,58.343,0.039
MEDINIPUR,1916,0.039,2.587,0.367,38.499,60.393,457.495,197.081,482.359,361.241,335.001,35.502,0
MEDINIPUR,1917,0.443,71.533,33.587,46.745,165.585,275.911,254.982,460.607,186.647,305.909,8.774,0.066
MEDINIPUR,1918,0.695,0.284,21.767,97.809,144.65,346.163,169.015,339.669,237.231,7.909,0.765,7.66
MEDINIPUR,1919,30.589,31.415,18.352,92.288,91.477,285.915,288.838,622.945,93.088,59.981,45.052,0.026
MEDINIPUR,1920,0.039,36.08,147.633,0.91,55.751,136.027,340.553,494.333,211.293,124.501,0.414,0
MEDINIPUR,1921,52.95,8.129,14.785,67.177,44.994,288.007,234.796,463.155,175.876,23.54,0.191,0.039
MEDINIPUR,1922,6.753,4.457,0.382,29.427,40.022,452.992,308.592,480.175,485.42,67.869,6.613,0.053
MEDINIPUR,1923,0.423,106.069,24.055,23.189,20.082,133.159,343.915,467.217,178.353,122.703,21.501,5.506
MEDINIPUR,1924,12.558,16.787,0.441,19.95,29.238,172.361,237.347,385.318,274.872,97.556,49.986,0
MEDINIPUR,1925,22.583,8.389,12.507,87.94,117.413,347.585,370.011,301.571,171.334,208.667,9.055,6.141
MEDINIPUR,1926,16.233,13.346,123.944,48.073,99.305,131.135,488.728,534.278,202.143,98.639,1.365,11.85
MEDINIPUR,1927,9.42,54.431,52.228,42.651,82.605,233.634,227.79,284.39,188.209,68.878,9.194,0.026
MEDINIPUR,1928,15.294,0.945,2.968,96.303,137.13,404.906,449.456,418.841,223.022,140.35,1.092,0.265
MEDINIPUR,1929,23.024,20.779,53.775,52.985,43.768,160.242,239.216,364.387,223.785,312.804,0.139,7.892
MEDINIPUR,1930,0.052,19.947,9.356,21.748,108.796,211.961,427.986,379.368,201.873,37.284,60.233,1.149
MEDINIPUR,1931,6.038,71.928,35.215,24.931,121.4,150.536,299.759,303.952,300.152,172.743,19.276,2.11
MEDINIPUR,1932,0,26.715,13.973,46.931,199.054,118.256,261.169,287.562,241.865,87.296,74.694,0.14
MEDINIPUR,1933,30.084,43.013,2.861,89.127,135.03,347.706,353.276,403.085,254.922,225.151,0.903,0
MEDINIPUR,1934,2.148,17.094,4.31,44.898,39.068,218.504,226.335,427.773,283.679,122.948,21.293,4.78
MEDINIPUR,1935,11.135,25.561,21.063,66.715,9.012,136.25,178.107,360.118,177.987,29.745,0.152,3.151
MEDINIPUR,1936,8.426,35.008,15.877,10.226,202.092,401.588,272.76,235.473,425.112,153.349,3.858,20.617
MEDINIPUR,1937,0.039,77.62,10.789,40.458,97.403,326.849,261.745,380.581,293.125,202.806,2.63,1.419
MEDINIPUR,1938,7.842,26.909,10.536,2.107,274.252,241.934,145.685,286.422,152.518,99.56,2.543,0
MEDINIPUR,1939,6.644,26.774,14.682,35.728,44.945,254.355,331.427,538.908,287.273,210.17,7.168,1.104
MEDINIPUR,1940,0,20.597,177.772,14.149,130.576,227.243,243.541,385.103,326.613,83.926,0.502,1.317
MEDINIPUR,1941,32.627,0.323,5.276,19.377,68.534,380.451,303.338,604.532,211.433,246.942,65.815,0.026
MEDINIPUR,1942,0.539,32.205,12.166,54.018,14.279,99.545,322.33,382.796,424.558,153.642,10.914,0.026
MEDINIPUR,1943,49.113,24.11,13.436,157.364,37.455,208.948,381.389,456.51,177.936,89.733,1.887,0
MEDINIPUR,1944,35.507,39.595,84.029,49.737,56.575,208.581,268.079,540.068,156.982,115.647,0.515,0.026
MEDINIPUR,1945,21.447,15.864,10.932,115.995,80.336,162.712,194.29,180.831,284.226,274.064,0.178,4.879
MEDINIPUR,1946,0.039,8.378,13.678,51.764,115.7,253.735,233.619,349.934,422.103,205.234,50.694,0.179
MEDINIPUR,1947,11.975,34.107,35.272,13.193,89.353,249.658,353.41,395.135,354.328,91.399,0.165,20.43
MEDINIPUR,1948,16.824,59.873,101.333,44.346,72.124,239.289,251.594,393.559,209.212,152.588,79.509,0.14
MEDINIPUR,1949,0.901,8.222,31.255,130.884,191.787,227.201,290.982,284.588,324.509,131.645,0.191,0
MEDINIPUR,1950,0,8.855,32.944,54.31,66.298,337.566,263.168,248.91,183.195,137.848,90.243,1.123
MEDINIPUR,1951,1.553,0.284,99.561,60.231,57.085,212.379,305.828,380.011,313.385,89.041,43.705,0.233
MEDINIPUR,1952,0.291,3.944,44.928,143.196,56.937,246.094,321.221,301.71,202.627,155.284,2.716,0.368
MEDINIPUR,1953,29.651,15.288,0.367,5.804,34.876,225.917,139.861,388.178,333.555,70.376,27.18,0
MEDINIPUR,1954,12.465,27.76,0.726,8.054,132.949,291.644,108.024,249.751,282.452,99.457,0.191,14.97
MEDINIPUR,1955,9.385,3.412,14.294,23.603,62.338,202.635,186.023,307.034,284.162,344.468,66.522,0
MEDINIPUR,1956,5.347,46.32,37.441,23.872,105.418,451.19,322.298,367.731,379.336,183.331,8.727,0.851
MEDINIPUR,1957,49.271,23.492,13.335,36.124,8.8,129.094,342.426,304.138,215.121,107.5,0.191,0
MEDINIPUR,1958,14.295,73.271,13.482,67.454,31.263,133.157,349.325,226.124,277.504,126.934,34.55,0.039
MEDINIPUR,1959,14.944,14.006,8.008,69.097,103.494,264.627,199.882,261.686,364.92,324.85,0.1,3.205
MEDINIPUR,1960,0.229,0.284,47.115,5.826,73.245,130.184,486.73,410.67,248.363,103.884,3.495,1.273
MEDINIPUR,1961,34.392,80.603,3.976,5.603,106.597,220.894,123.951,464.036,369.901,132.597,0.165,1.016
MEDINIPUR,1962,10.583,14.855,3.258,36.639,45.587,210.301,263.885,204.248,236.491,186.616,0.1,0.368
MEDINIPUR,1963,0.19,1.315,26.202,102.384,142.873,244.488,253.198,270.418,315.576,189.591,7.218,0
MEDINIPUR,1964,0.246,16.085,28.338,86.198,113.445,107.85,478.596,384.703,226.963,93.82,23.628,0
MEDINIPUR,1965,2.895,32.857,32.027,70.731,34.896,192.231,344.537,410.735,306.682,105.833,0.139,1.839
MEDINIPUR,1966,43.228,9.425,4.792,6.567,13.521,283.748,115.919,282.351,235.786,73.499,40.886,9.446
MEDINIPUR,1967,21.761,0.506,78.189,45.395,44.332,176.117,217.273,410.553,301.825,87.677,0.1,2.689
MEDINIPUR,1968,10.835,38.445,24.79,16.952,13.729,450.542,398.295,555.197,181.321,122.355,36.716,0.368
MEDINIPUR,1969,12.581,2.155,37.422,117.902,66.479,117.128,293.105,423.542,278.348,82.288,22.356,0.297
MEDINIPUR,1970,7.913,27.734,84.988,24.185,65.736,407.398,241.001,324.069,321.436,188.779,19.993,0
MEDINIPUR,1971,40.961,72.363,2.097,193.117,143.304,428.208,428.449,521.639,248.039,205.926,13.787,0
MEDINIPUR,1972,1.893,56.894,1.201,31.132,9.968,77.803,247.503,532.546,268.262,142.276,7.233,0.14
MEDINIPUR,1973,0.987,15.365,55.211,26.974,189.68,207.956,193.063,403.29,332.621,207.859,33.698,47.858
MEDINIPUR,1974,1.341,0.284,138.199,11.692,92.424,121.436,323.321,368.692,289.026,280.721,4.99,0
MEDINIPUR,1975,6.17,24.294,12.228,9.976,62.276,233.665,296.094,342.956,241.668,216.908,35.725,0.233
MEDINIPUR,1976,0,40.04,13.091,83.505,129.079,106.377,391.864,384.688,265.762,19.624,12.408,0
MEDINIPUR,1977,3.779,37.032,0.367,73.879,183.888,364.86,402.812,371.734,244.057,83.63,34.391,32.244
MEDINIPUR,1978,0.251,31.558,62.886,81.507,130.511,204.741,365.815,372.925,629.674,135.646,28.351,17.59
MEDINIPUR,1979,24.761,25.34,11.258,64.83,29.32,140.48,322.146,264.877,186.346,61.653,4.87,35.952
MEDINIPUR,1980,35.349,58.429,93.366,6.729,89.88,334.808,307.773,395.102,163.137,125.167,0.1,5.391
MEDINIPUR,1981,18.844,44.497,87.413,119.161,168.595,135.989,361.84,290.355,315.503,5.919,1.727,8.836
MEDINIPUR,1982,2.94,21.143,54.024,130.269,34.131,129.299,192.549,506.964,147.583,17.799,19.734,0.368
MEDINIPUR,1983,1.936,54.389,70.73,42.878,134.194,223.642,250.751,353.652,145.106,189.034,1.184,3.266
MEDINIPUR,1984,32.219,8.684,0.811,69.951,73.61,703.871,312.323,468.142,118.799,93.778,0.489,0.23
MEDINIPUR,1985,13.617,5.839,0.867,42.314,48.783,224.915,412.322,306.499,195.074,162.403,0.692,0.065
MEDINIPUR,1986,19.581,15.47,1.945,48.261,101.613,208.907,388.634,231.703,674.561,104.068,90.176,2.64
MEDINIPUR,1987,1.597,5.767,17.316,89.051,81.741,144.366,364.576,548.335,164.982,108.355,44.364,5.045
MEDINIPUR,1988,1.324,27.282,20.216,37.412,95.53,309.487,303.136,410.1,254.623,123.128,46.904,0.765
MEDINIPUR,1989,1.577,10.573,13.437,4.573,163.212,246.182,283.153,260.031,258.641,232.826,2.279,4.614
MEDINIPUR,1990,0,40.798,76.583,36.821,235.133,272.891,687.582,243.236,302.369,173.243,25.893,2.54
MEDINIPUR,1991,18.082,11.437,53.816,13.177,50.238,257.489,295.991,491.723,276.424,149.855,10.106,28.57
MEDINIPUR,1992,14.995,11.859,0.367,10.171,141.676,294.458,382.59,213.678,206.175,76.334,5.017,0
MEDINIPUR,1993,0.867,0.874,72.708,113.434,106.537,433.394,365.854,399.138,373.379,196.888,18.121,0
MEDINIPUR,1994,6.883,54.646,72.869,64.814,93.328,245.249,361.922,388.405,187.972,236.373,6.633,0
MEDINIPUR,1995,16.132,27.178,30.56,24.344,102.613,122.458,330.638,285.854,458.851,195.042,38.96,0
MEDINIPUR,1996,5.264,17.227,10.727,57.465,36.9,328.585,190.416,535.572,135.55,179.663,2.167,0.464
MEDINIPUR,1997,30.865,18.043,61.088,101.598,90.89,115.546,453.231,431.278,357.947,69.781,15.771,16.317
MEDINIPUR,1998,28.366,84.412,31.647,53.76,71.274,251.646,255.31,235.422,293.099,355.687,55.212,0
MEDINIPUR,1999,1.812,1.628,0.367,0.557,197.814,239.699,265.714,557.199,529.434,86.822,25.889,0.071
MEDINIPUR,2000,1.576,69.524,0.367,93.579,167.988,275.046,207.53,295.715,172.934,56.07,16.401,1.816
MEDINIPUR,2001,0.153,5.377,62.601,37.783,144.363,366.921,197.511,300.923,135.367,187.514,26.625,0.15
MEDINIPUR,2002,32.456,18.729,3.371,88.538,94.467,266.227,302.523,452.128,273.217,80.402,17.801,0
